GEO.id,Id
GEO.id2,Id2
GEO.display-label,Geography
HC01_EST_VC01,"Total; Estimate; Full-time, year-round civilian employed population 16 years and over"
HC01_MOE_VC01,"Total; Margin of Error; Full-time, year-round civilian employed population 16 years and over"
HC02_EST_VC01,"Male; Estimate; Full-time, year-round civilian employed population 16 years and over"
HC02_MOE_VC01,"Male; Margin of Error; Full-time, year-round civilian employed population 16 years and over"
HC03_EST_VC01,"Percent Male; Estimate; Full-time, year-round civilian employed population 16 years and over"
HC03_MOE_VC01,"Percent Male; Margin of Error; Full-time, year-round civilian employed population 16 years and over"
HC04_EST_VC01,"Female; Estimate; Full-time, year-round civilian employed population 16 years and over"
HC04_MOE_VC01,"Female; Margin of Error; Full-time, year-round civilian employed population 16 years and over"
HC05_EST_VC01,"Percent Female; Estimate; Full-time, year-round civilian employed population 16 years and over"
HC05_MOE_VC01,"Percent Female; Margin of Error; Full-time, year-round civilian employed population 16 years and over"
HC01_EST_VC02,"Total; Estimate; Management, business, science, and arts occupations:"
HC01_MOE_VC02,"Total; Margin of Error; Management, business, science, and arts occupations:"
HC02_EST_VC02,"Male; Estimate; Management, business, science, and arts occupations:"
HC02_MOE_VC02,"Male; Margin of Error; Management, business, science, and arts occupations:"
HC03_EST_VC02,"Percent Male; Estimate; Management, business, science, and arts occupations:"
HC03_MOE_VC02,"Percent Male; Margin of Error; Management, business, science, and arts occupations:"
HC04_EST_VC02,"Female; Estimate; Management, business, science, and arts occupations:"
HC04_MOE_VC02,"Female; Margin of Error; Management, business, science, and arts occupations:"
HC05_EST_VC02,"Percent Female; Estimate; Management, business, science, and arts occupations:"
HC05_MOE_VC02,"Percent Female; Margin of Error; Management, business, science, and arts occupations:"
HC01_EST_VC03,"Total; Estimate; Management, business, science, and arts occupations: - Management, business, and financial occupations:"
HC01_MOE_VC03,"Total; Margin of Error; Management, business, science, and arts occupations: - Management, business, and financial occupations:"
HC02_EST_VC03,"Male; Estimate; Management, business, science, and arts occupations: - Management, business, and financial occupations:"
HC02_MOE_VC03,"Male; Margin of Error; Management, business, science, and arts occupations: - Management, business, and financial occupations:"
HC03_EST_VC03,"Percent Male; Estimate; Management, business, science, and arts occupations: - Management, business, and financial occupations:"
HC03_MOE_VC03,"Percent Male; Margin of Error; Management, business, science, and arts occupations: - Management, business, and financial occupations:"
HC04_EST_VC03,"Female; Estimate; Management, business, science, and arts occupations: - Management, business, and financial occupations:"
HC04_MOE_VC03,"Female; Margin of Error; Management, business, science, and arts occupations: - Management, business, and financial occupations:"
HC05_EST_VC03,"Percent Female; Estimate; Management, business, science, and arts occupations: - Management, business, and financial occupations:"
HC05_MOE_VC03,"Percent Female; Margin of Error; Management, business, science, and arts occupations: - Management, business, and financial occupations:"
HC01_EST_VC04,"Total; Estimate; Management, business, science, and arts occupations: - Management, business, and financial occupations: - Management occupations"
HC01_MOE_VC04,"Total; Margin of Error; Management, business, science, and arts occupations: - Management, business, and financial occupations: - Management occupations"
HC02_EST_VC04,"Male; Estimate; Management, business, science, and arts occupations: - Management, business, and financial occupations: - Management occupations"
HC02_MOE_VC04,"Male; Margin of Error; Management, business, science, and arts occupations: - Management, business, and financial occupations: - Management occupations"
HC03_EST_VC04,"Percent Male; Estimate; Management, business, science, and arts occupations: - Management, business, and financial occupations: - Management occupations"
HC03_MOE_VC04,"Percent Male; Margin of Error; Management, business, science, and arts occupations: - Management, business, and financial occupations: - Management occupations"
HC04_EST_VC04,"Female; Estimate; Management, business, science, and arts occupations: - Management, business, and financial occupations: - Management occupations"
HC04_MOE_VC04,"Female; Margin of Error; Management, business, science, and arts occupations: - Management, business, and financial occupations: - Management occupations"
HC05_EST_VC04,"Percent Female; Estimate; Management, business, science, and arts occupations: - Management, business, and financial occupations: - Management occupations"
HC05_MOE_VC04,"Percent Female; Margin of Error; Management, business, science, and arts occupations: - Management, business, and financial occupations: - Management occupations"
HC01_EST_VC05,"Total; Estimate; Management, business, science, and arts occupations: - Management, business, and financial occupations: - Business and financial operations occupations"
HC01_MOE_VC05,"Total; Margin of Error; Management, business, science, and arts occupations: - Management, business, and financial occupations: - Business and financial operations occupations"
HC02_EST_VC05,"Male; Estimate; Management, business, science, and arts occupations: - Management, business, and financial occupations: - Business and financial operations occupations"
HC02_MOE_VC05,"Male; Margin of Error; Management, business, science, and arts occupations: - Management, business, and financial occupations: - Business and financial operations occupations"
HC03_EST_VC05,"Percent Male; Estimate; Management, business, science, and arts occupations: - Management, business, and financial occupations: - Business and financial operations occupations"
HC03_MOE_VC05,"Percent Male; Margin of Error; Management, business, science, and arts occupations: - Management, business, and financial occupations: - Business and financial operations occupations"
HC04_EST_VC05,"Female; Estimate; Management, business, science, and arts occupations: - Management, business, and financial occupations: - Business and financial operations occupations"
HC04_MOE_VC05,"Female; Margin of Error; Management, business, science, and arts occupations: - Management, business, and financial occupations: - Business and financial operations occupations"
HC05_EST_VC05,"Percent Female; Estimate; Management, business, science, and arts occupations: - Management, business, and financial occupations: - Business and financial operations occupations"
HC05_MOE_VC05,"Percent Female; Margin of Error; Management, business, science, and arts occupations: - Management, business, and financial occupations: - Business and financial operations occupations"
HC01_EST_VC06,"Total; Estimate; Management, business, science, and arts occupations: - Computer, engineering, and science occupations:"
HC01_MOE_VC06,"Total; Margin of Error; Management, business, science, and arts occupations: - Computer, engineering, and science occupations:"
HC02_EST_VC06,"Male; Estimate; Management, business, science, and arts occupations: - Computer, engineering, and science occupations:"
HC02_MOE_VC06,"Male; Margin of Error; Management, business, science, and arts occupations: - Computer, engineering, and science occupations:"
HC03_EST_VC06,"Percent Male; Estimate; Management, business, science, and arts occupations: - Computer, engineering, and science occupations:"
HC03_MOE_VC06,"Percent Male; Margin of Error; Management, business, science, and arts occupations: - Computer, engineering, and science occupations:"
HC04_EST_VC06,"Female; Estimate; Management, business, science, and arts occupations: - Computer, engineering, and science occupations:"
HC04_MOE_VC06,"Female; Margin of Error; Management, business, science, and arts occupations: - Computer, engineering, and science occupations:"
HC05_EST_VC06,"Percent Female; Estimate; Management, business, science, and arts occupations: - Computer, engineering, and science occupations:"
HC05_MOE_VC06,"Percent Female; Margin of Error; Management, business, science, and arts occupations: - Computer, engineering, and science occupations:"
HC01_EST_VC07,"Total; Estimate; Management, business, science, and arts occupations: - Computer, engineering, and science occupations: - Computer and mathematical occupations"
HC01_MOE_VC07,"Total; Margin of Error; Management, business, science, and arts occupations: - Computer, engineering, and science occupations: - Computer and mathematical occupations"
HC02_EST_VC07,"Male; Estimate; Management, business, science, and arts occupations: - Computer, engineering, and science occupations: - Computer and mathematical occupations"
HC02_MOE_VC07,"Male; Margin of Error; Management, business, science, and arts occupations: - Computer, engineering, and science occupations: - Computer and mathematical occupations"
HC03_EST_VC07,"Percent Male; Estimate; Management, business, science, and arts occupations: - Computer, engineering, and science occupations: - Computer and mathematical occupations"
HC03_MOE_VC07,"Percent Male; Margin of Error; Management, business, science, and arts occupations: - Computer, engineering, and science occupations: - Computer and mathematical occupations"
HC04_EST_VC07,"Female; Estimate; Management, business, science, and arts occupations: - Computer, engineering, and science occupations: - Computer and mathematical occupations"
HC04_MOE_VC07,"Female; Margin of Error; Management, business, science, and arts occupations: - Computer, engineering, and science occupations: - Computer and mathematical occupations"
HC05_EST_VC07,"Percent Female; Estimate; Management, business, science, and arts occupations: - Computer, engineering, and science occupations: - Computer and mathematical occupations"
HC05_MOE_VC07,"Percent Female; Margin of Error; Management, business, science, and arts occupations: - Computer, engineering, and science occupations: - Computer and mathematical occupations"
HC01_EST_VC08,"Total; Estimate; Management, business, science, and arts occupations: - Computer, engineering, and science occupations: - Architecture and engineering occupations"
HC01_MOE_VC08,"Total; Margin of Error; Management, business, science, and arts occupations: - Computer, engineering, and science occupations: - Architecture and engineering occupations"
HC02_EST_VC08,"Male; Estimate; Management, business, science, and arts occupations: - Computer, engineering, and science occupations: - Architecture and engineering occupations"
HC02_MOE_VC08,"Male; Margin of Error; Management, business, science, and arts occupations: - Computer, engineering, and science occupations: - Architecture and engineering occupations"
HC03_EST_VC08,"Percent Male; Estimate; Management, business, science, and arts occupations: - Computer, engineering, and science occupations: - Architecture and engineering occupations"
HC03_MOE_VC08,"Percent Male; Margin of Error; Management, business, science, and arts occupations: - Computer, engineering, and science occupations: - Architecture and engineering occupations"
HC04_EST_VC08,"Female; Estimate; Management, business, science, and arts occupations: - Computer, engineering, and science occupations: - Architecture and engineering occupations"
HC04_MOE_VC08,"Female; Margin of Error; Management, business, science, and arts occupations: - Computer, engineering, and science occupations: - Architecture and engineering occupations"
HC05_EST_VC08,"Percent Female; Estimate; Management, business, science, and arts occupations: - Computer, engineering, and science occupations: - Architecture and engineering occupations"
HC05_MOE_VC08,"Percent Female; Margin of Error; Management, business, science, and arts occupations: - Computer, engineering, and science occupations: - Architecture and engineering occupations"
HC01_EST_VC09,"Total; Estimate; Management, business, science, and arts occupations: - Computer, engineering, and science occupations: - Life, physical, and social science occupations"
HC01_MOE_VC09,"Total; Margin of Error; Management, business, science, and arts occupations: - Computer, engineering, and science occupations: - Life, physical, and social science occupations"
HC02_EST_VC09,"Male; Estimate; Management, business, science, and arts occupations: - Computer, engineering, and science occupations: - Life, physical, and social science occupations"
HC02_MOE_VC09,"Male; Margin of Error; Management, business, science, and arts occupations: - Computer, engineering, and science occupations: - Life, physical, and social science occupations"
HC03_EST_VC09,"Percent Male; Estimate; Management, business, science, and arts occupations: - Computer, engineering, and science occupations: - Life, physical, and social science occupations"
HC03_MOE_VC09,"Percent Male; Margin of Error; Management, business, science, and arts occupations: - Computer, engineering, and science occupations: - Life, physical, and social science occupations"
HC04_EST_VC09,"Female; Estimate; Management, business, science, and arts occupations: - Computer, engineering, and science occupations: - Life, physical, and social science occupations"
HC04_MOE_VC09,"Female; Margin of Error; Management, business, science, and arts occupations: - Computer, engineering, and science occupations: - Life, physical, and social science occupations"
HC05_EST_VC09,"Percent Female; Estimate; Management, business, science, and arts occupations: - Computer, engineering, and science occupations: - Life, physical, and social science occupations"
HC05_MOE_VC09,"Percent Female; Margin of Error; Management, business, science, and arts occupations: - Computer, engineering, and science occupations: - Life, physical, and social science occupations"
HC01_EST_VC10,"Total; Estimate; Management, business, science, and arts occupations: - Education, legal, community service, arts, and media occupations:"
HC01_MOE_VC10,"Total; Margin of Error; Management, business, science, and arts occupations: - Education, legal, community service, arts, and media occupations:"
HC02_EST_VC10,"Male; Estimate; Management, business, science, and arts occupations: - Education, legal, community service, arts, and media occupations:"
HC02_MOE_VC10,"Male; Margin of Error; Management, business, science, and arts occupations: - Education, legal, community service, arts, and media occupations:"
HC03_EST_VC10,"Percent Male; Estimate; Management, business, science, and arts occupations: - Education, legal, community service, arts, and media occupations:"
HC03_MOE_VC10,"Percent Male; Margin of Error; Management, business, science, and arts occupations: - Education, legal, community service, arts, and media occupations:"
HC04_EST_VC10,"Female; Estimate; Management, business, science, and arts occupations: - Education, legal, community service, arts, and media occupations:"
HC04_MOE_VC10,"Female; Margin of Error; Management, business, science, and arts occupations: - Education, legal, community service, arts, and media occupations:"
HC05_EST_VC10,"Percent Female; Estimate; Management, business, science, and arts occupations: - Education, legal, community service, arts, and media occupations:"
HC05_MOE_VC10,"Percent Female; Margin of Error; Management, business, science, and arts occupations: - Education, legal, community service, arts, and media occupations:"
HC01_EST_VC11,"Total; Estimate; Management, business, science, and arts occupations: - Education, legal, community service, arts, and media occupations: - Community and social services occupations"
HC01_MOE_VC11,"Total; Margin of Error; Management, business, science, and arts occupations: - Education, legal, community service, arts, and media occupations: - Community and social services occupations"
HC02_EST_VC11,"Male; Estimate; Management, business, science, and arts occupations: - Education, legal, community service, arts, and media occupations: - Community and social services occupations"
HC02_MOE_VC11,"Male; Margin of Error; Management, business, science, and arts occupations: - Education, legal, community service, arts, and media occupations: - Community and social services occupations"
HC03_EST_VC11,"Percent Male; Estimate; Management, business, science, and arts occupations: - Education, legal, community service, arts, and media occupations: - Community and social services occupations"
HC03_MOE_VC11,"Percent Male; Margin of Error; Management, business, science, and arts occupations: - Education, legal, community service, arts, and media occupations: - Community and social services occupations"
HC04_EST_VC11,"Female; Estimate; Management, business, science, and arts occupations: - Education, legal, community service, arts, and media occupations: - Community and social services occupations"
HC04_MOE_VC11,"Female; Margin of Error; Management, business, science, and arts occupations: - Education, legal, community service, arts, and media occupations: - Community and social services occupations"
HC05_EST_VC11,"Percent Female; Estimate; Management, business, science, and arts occupations: - Education, legal, community service, arts, and media occupations: - Community and social services occupations"
HC05_MOE_VC11,"Percent Female; Margin of Error; Management, business, science, and arts occupations: - Education, legal, community service, arts, and media occupations: - Community and social services occupations"
HC01_EST_VC12,"Total; Estimate; Management, business, science, and arts occupations: - Education, legal, community service, arts, and media occupations: - Legal occupations"
HC01_MOE_VC12,"Total; Margin of Error; Management, business, science, and arts occupations: - Education, legal, community service, arts, and media occupations: - Legal occupations"
HC02_EST_VC12,"Male; Estimate; Management, business, science, and arts occupations: - Education, legal, community service, arts, and media occupations: - Legal occupations"
HC02_MOE_VC12,"Male; Margin of Error; Management, business, science, and arts occupations: - Education, legal, community service, arts, and media occupations: - Legal occupations"
HC03_EST_VC12,"Percent Male; Estimate; Management, business, science, and arts occupations: - Education, legal, community service, arts, and media occupations: - Legal occupations"
HC03_MOE_VC12,"Percent Male; Margin of Error; Management, business, science, and arts occupations: - Education, legal, community service, arts, and media occupations: - Legal occupations"
HC04_EST_VC12,"Female; Estimate; Management, business, science, and arts occupations: - Education, legal, community service, arts, and media occupations: - Legal occupations"
HC04_MOE_VC12,"Female; Margin of Error; Management, business, science, and arts occupations: - Education, legal, community service, arts, and media occupations: - Legal occupations"
HC05_EST_VC12,"Percent Female; Estimate; Management, business, science, and arts occupations: - Education, legal, community service, arts, and media occupations: - Legal occupations"
HC05_MOE_VC12,"Percent Female; Margin of Error; Management, business, science, and arts occupations: - Education, legal, community service, arts, and media occupations: - Legal occupations"
HC01_EST_VC13,"Total; Estimate; Management, business, science, and arts occupations: - Education, legal, community service, arts, and media occupations: - Education, training, and library occupations"
HC01_MOE_VC13,"Total; Margin of Error; Management, business, science, and arts occupations: - Education, legal, community service, arts, and media occupations: - Education, training, and library occupations"
HC02_EST_VC13,"Male; Estimate; Management, business, science, and arts occupations: - Education, legal, community service, arts, and media occupations: - Education, training, and library occupations"
HC02_MOE_VC13,"Male; Margin of Error; Management, business, science, and arts occupations: - Education, legal, community service, arts, and media occupations: - Education, training, and library occupations"
HC03_EST_VC13,"Percent Male; Estimate; Management, business, science, and arts occupations: - Education, legal, community service, arts, and media occupations: - Education, training, and library occupations"
HC03_MOE_VC13,"Percent Male; Margin of Error; Management, business, science, and arts occupations: - Education, legal, community service, arts, and media occupations: - Education, training, and library occupations"
HC04_EST_VC13,"Female; Estimate; Management, business, science, and arts occupations: - Education, legal, community service, arts, and media occupations: - Education, training, and library occupations"
HC04_MOE_VC13,"Female; Margin of Error; Management, business, science, and arts occupations: - Education, legal, community service, arts, and media occupations: - Education, training, and library occupations"
HC05_EST_VC13,"Percent Female; Estimate; Management, business, science, and arts occupations: - Education, legal, community service, arts, and media occupations: - Education, training, and library occupations"
HC05_MOE_VC13,"Percent Female; Margin of Error; Management, business, science, and arts occupations: - Education, legal, community service, arts, and media occupations: - Education, training, and library occupations"
HC01_EST_VC14,"Total; Estimate; Management, business, science, and arts occupations: - Education, legal, community service, arts, and media occupations: - Arts, design, entertainment, sports, and media occupations"
HC01_MOE_VC14,"Total; Margin of Error; Management, business, science, and arts occupations: - Education, legal, community service, arts, and media occupations: - Arts, design, entertainment, sports, and media occupations"
HC02_EST_VC14,"Male; Estimate; Management, business, science, and arts occupations: - Education, legal, community service, arts, and media occupations: - Arts, design, entertainment, sports, and media occupations"
HC02_MOE_VC14,"Male; Margin of Error; Management, business, science, and arts occupations: - Education, legal, community service, arts, and media occupations: - Arts, design, entertainment, sports, and media occupations"
HC03_EST_VC14,"Percent Male; Estimate; Management, business, science, and arts occupations: - Education, legal, community service, arts, and media occupations: - Arts, design, entertainment, sports, and media occupations"
HC03_MOE_VC14,"Percent Male; Margin of Error; Management, business, science, and arts occupations: - Education, legal, community service, arts, and media occupations: - Arts, design, entertainment, sports, and media occupations"
HC04_EST_VC14,"Female; Estimate; Management, business, science, and arts occupations: - Education, legal, community service, arts, and media occupations: - Arts, design, entertainment, sports, and media occupations"
HC04_MOE_VC14,"Female; Margin of Error; Management, business, science, and arts occupations: - Education, legal, community service, arts, and media occupations: - Arts, design, entertainment, sports, and media occupations"
HC05_EST_VC14,"Percent Female; Estimate; Management, business, science, and arts occupations: - Education, legal, community service, arts, and media occupations: - Arts, design, entertainment, sports, and media occupations"
HC05_MOE_VC14,"Percent Female; Margin of Error; Management, business, science, and arts occupations: - Education, legal, community service, arts, and media occupations: - Arts, design, entertainment, sports, and media occupations"
HC01_EST_VC15,"Total; Estimate; Management, business, science, and arts occupations: - Healthcare practitioner and technical occupations:"
HC01_MOE_VC15,"Total; Margin of Error; Management, business, science, and arts occupations: - Healthcare practitioner and technical occupations:"
HC02_EST_VC15,"Male; Estimate; Management, business, science, and arts occupations: - Healthcare practitioner and technical occupations:"
HC02_MOE_VC15,"Male; Margin of Error; Management, business, science, and arts occupations: - Healthcare practitioner and technical occupations:"
HC03_EST_VC15,"Percent Male; Estimate; Management, business, science, and arts occupations: - Healthcare practitioner and technical occupations:"
HC03_MOE_VC15,"Percent Male; Margin of Error; Management, business, science, and arts occupations: - Healthcare practitioner and technical occupations:"
HC04_EST_VC15,"Female; Estimate; Management, business, science, and arts occupations: - Healthcare practitioner and technical occupations:"
HC04_MOE_VC15,"Female; Margin of Error; Management, business, science, and arts occupations: - Healthcare practitioner and technical occupations:"
HC05_EST_VC15,"Percent Female; Estimate; Management, business, science, and arts occupations: - Healthcare practitioner and technical occupations:"
HC05_MOE_VC15,"Percent Female; Margin of Error; Management, business, science, and arts occupations: - Healthcare practitioner and technical occupations:"
HC01_EST_VC16,"Total; Estimate; Management, business, science, and arts occupations: - Healthcare practitioner and technical occupations: - Health diagnosing and treating practitioners and other technical occupations"
HC01_MOE_VC16,"Total; Margin of Error; Management, business, science, and arts occupations: - Healthcare practitioner and technical occupations: - Health diagnosing and treating practitioners and other technical occupations"
HC02_EST_VC16,"Male; Estimate; Management, business, science, and arts occupations: - Healthcare practitioner and technical occupations: - Health diagnosing and treating practitioners and other technical occupations"
HC02_MOE_VC16,"Male; Margin of Error; Management, business, science, and arts occupations: - Healthcare practitioner and technical occupations: - Health diagnosing and treating practitioners and other technical occupations"
HC03_EST_VC16,"Percent Male; Estimate; Management, business, science, and arts occupations: - Healthcare practitioner and technical occupations: - Health diagnosing and treating practitioners and other technical occupations"
HC03_MOE_VC16,"Percent Male; Margin of Error; Management, business, science, and arts occupations: - Healthcare practitioner and technical occupations: - Health diagnosing and treating practitioners and other technical occupations"
HC04_EST_VC16,"Female; Estimate; Management, business, science, and arts occupations: - Healthcare practitioner and technical occupations: - Health diagnosing and treating practitioners and other technical occupations"
HC04_MOE_VC16,"Female; Margin of Error; Management, business, science, and arts occupations: - Healthcare practitioner and technical occupations: - Health diagnosing and treating practitioners and other technical occupations"
HC05_EST_VC16,"Percent Female; Estimate; Management, business, science, and arts occupations: - Healthcare practitioner and technical occupations: - Health diagnosing and treating practitioners and other technical occupations"
HC05_MOE_VC16,"Percent Female; Margin of Error; Management, business, science, and arts occupations: - Healthcare practitioner and technical occupations: - Health diagnosing and treating practitioners and other technical occupations"
HC01_EST_VC17,"Total; Estimate; Management, business, science, and arts occupations: - Healthcare practitioner and technical occupations: - Health technologists and technicians"
HC01_MOE_VC17,"Total; Margin of Error; Management, business, science, and arts occupations: - Healthcare practitioner and technical occupations: - Health technologists and technicians"
HC02_EST_VC17,"Male; Estimate; Management, business, science, and arts occupations: - Healthcare practitioner and technical occupations: - Health technologists and technicians"
HC02_MOE_VC17,"Male; Margin of Error; Management, business, science, and arts occupations: - Healthcare practitioner and technical occupations: - Health technologists and technicians"
HC03_EST_VC17,"Percent Male; Estimate; Management, business, science, and arts occupations: - Healthcare practitioner and technical occupations: - Health technologists and technicians"
HC03_MOE_VC17,"Percent Male; Margin of Error; Management, business, science, and arts occupations: - Healthcare practitioner and technical occupations: - Health technologists and technicians"
HC04_EST_VC17,"Female; Estimate; Management, business, science, and arts occupations: - Healthcare practitioner and technical occupations: - Health technologists and technicians"
HC04_MOE_VC17,"Female; Margin of Error; Management, business, science, and arts occupations: - Healthcare practitioner and technical occupations: - Health technologists and technicians"
HC05_EST_VC17,"Percent Female; Estimate; Management, business, science, and arts occupations: - Healthcare practitioner and technical occupations: - Health technologists and technicians"
HC05_MOE_VC17,"Percent Female; Margin of Error; Management, business, science, and arts occupations: - Healthcare practitioner and technical occupations: - Health technologists and technicians"
HC01_EST_VC18,Total; Estimate; Service occupations:
HC01_MOE_VC18,Total; Margin of Error; Service occupations:
HC02_EST_VC18,Male; Estimate; Service occupations:
HC02_MOE_VC18,Male; Margin of Error; Service occupations:
HC03_EST_VC18,Percent Male; Estimate; Service occupations:
HC03_MOE_VC18,Percent Male; Margin of Error; Service occupations:
HC04_EST_VC18,Female; Estimate; Service occupations:
HC04_MOE_VC18,Female; Margin of Error; Service occupations:
HC05_EST_VC18,Percent Female; Estimate; Service occupations:
HC05_MOE_VC18,Percent Female; Margin of Error; Service occupations:
HC01_EST_VC19,Total; Estimate; Service occupations: - Healthcare support occupations
HC01_MOE_VC19,Total; Margin of Error; Service occupations: - Healthcare support occupations
HC02_EST_VC19,Male; Estimate; Service occupations: - Healthcare support occupations
HC02_MOE_VC19,Male; Margin of Error; Service occupations: - Healthcare support occupations
HC03_EST_VC19,Percent Male; Estimate; Service occupations: - Healthcare support occupations
HC03_MOE_VC19,Percent Male; Margin of Error; Service occupations: - Healthcare support occupations
HC04_EST_VC19,Female; Estimate; Service occupations: - Healthcare support occupations
HC04_MOE_VC19,Female; Margin of Error; Service occupations: - Healthcare support occupations
HC05_EST_VC19,Percent Female; Estimate; Service occupations: - Healthcare support occupations
HC05_MOE_VC19,Percent Female; Margin of Error; Service occupations: - Healthcare support occupations
HC01_EST_VC20,Total; Estimate; Service occupations: - Protective service occupations:
HC01_MOE_VC20,Total; Margin of Error; Service occupations: - Protective service occupations:
HC02_EST_VC20,Male; Estimate; Service occupations: - Protective service occupations:
HC02_MOE_VC20,Male; Margin of Error; Service occupations: - Protective service occupations:
HC03_EST_VC20,Percent Male; Estimate; Service occupations: - Protective service occupations:
HC03_MOE_VC20,Percent Male; Margin of Error; Service occupations: - Protective service occupations:
HC04_EST_VC20,Female; Estimate; Service occupations: - Protective service occupations:
HC04_MOE_VC20,Female; Margin of Error; Service occupations: - Protective service occupations:
HC05_EST_VC20,Percent Female; Estimate; Service occupations: - Protective service occupations:
HC05_MOE_VC20,Percent Female; Margin of Error; Service occupations: - Protective service occupations:
HC01_EST_VC21,"Total; Estimate; Service occupations: - Protective service occupations: - Fire fighting and prevention, and other protective service workers including supervisors"
HC01_MOE_VC21,"Total; Margin of Error; Service occupations: - Protective service occupations: - Fire fighting and prevention, and other protective service workers including supervisors"
HC02_EST_VC21,"Male; Estimate; Service occupations: - Protective service occupations: - Fire fighting and prevention, and other protective service workers including supervisors"
HC02_MOE_VC21,"Male; Margin of Error; Service occupations: - Protective service occupations: - Fire fighting and prevention, and other protective service workers including supervisors"
HC03_EST_VC21,"Percent Male; Estimate; Service occupations: - Protective service occupations: - Fire fighting and prevention, and other protective service workers including supervisors"
HC03_MOE_VC21,"Percent Male; Margin of Error; Service occupations: - Protective service occupations: - Fire fighting and prevention, and other protective service workers including supervisors"
HC04_EST_VC21,"Female; Estimate; Service occupations: - Protective service occupations: - Fire fighting and prevention, and other protective service workers including supervisors"
HC04_MOE_VC21,"Female; Margin of Error; Service occupations: - Protective service occupations: - Fire fighting and prevention, and other protective service workers including supervisors"
HC05_EST_VC21,"Percent Female; Estimate; Service occupations: - Protective service occupations: - Fire fighting and prevention, and other protective service workers including supervisors"
HC05_MOE_VC21,"Percent Female; Margin of Error; Service occupations: - Protective service occupations: - Fire fighting and prevention, and other protective service workers including supervisors"
HC01_EST_VC22,Total; Estimate; Service occupations: - Protective service occupations: - Law enforcement workers including supervisors
HC01_MOE_VC22,Total; Margin of Error; Service occupations: - Protective service occupations: - Law enforcement workers including supervisors
HC02_EST_VC22,Male; Estimate; Service occupations: - Protective service occupations: - Law enforcement workers including supervisors
HC02_MOE_VC22,Male; Margin of Error; Service occupations: - Protective service occupations: - Law enforcement workers including supervisors
HC03_EST_VC22,Percent Male; Estimate; Service occupations: - Protective service occupations: - Law enforcement workers including supervisors
HC03_MOE_VC22,Percent Male; Margin of Error; Service occupations: - Protective service occupations: - Law enforcement workers including supervisors
HC04_EST_VC22,Female; Estimate; Service occupations: - Protective service occupations: - Law enforcement workers including supervisors
HC04_MOE_VC22,Female; Margin of Error; Service occupations: - Protective service occupations: - Law enforcement workers including supervisors
HC05_EST_VC22,Percent Female; Estimate; Service occupations: - Protective service occupations: - Law enforcement workers including supervisors
HC05_MOE_VC22,Percent Female; Margin of Error; Service occupations: - Protective service occupations: - Law enforcement workers including supervisors
HC01_EST_VC23,Total; Estimate; Service occupations: - Food preparation and serving related occupations
HC01_MOE_VC23,Total; Margin of Error; Service occupations: - Food preparation and serving related occupations
HC02_EST_VC23,Male; Estimate; Service occupations: - Food preparation and serving related occupations
HC02_MOE_VC23,Male; Margin of Error; Service occupations: - Food preparation and serving related occupations
HC03_EST_VC23,Percent Male; Estimate; Service occupations: - Food preparation and serving related occupations
HC03_MOE_VC23,Percent Male; Margin of Error; Service occupations: - Food preparation and serving related occupations
HC04_EST_VC23,Female; Estimate; Service occupations: - Food preparation and serving related occupations
HC04_MOE_VC23,Female; Margin of Error; Service occupations: - Food preparation and serving related occupations
HC05_EST_VC23,Percent Female; Estimate; Service occupations: - Food preparation and serving related occupations
HC05_MOE_VC23,Percent Female; Margin of Error; Service occupations: - Food preparation and serving related occupations
HC01_EST_VC24,Total; Estimate; Service occupations: - Building and grounds cleaning and maintenance occupations
HC01_MOE_VC24,Total; Margin of Error; Service occupations: - Building and grounds cleaning and maintenance occupations
HC02_EST_VC24,Male; Estimate; Service occupations: - Building and grounds cleaning and maintenance occupations
HC02_MOE_VC24,Male; Margin of Error; Service occupations: - Building and grounds cleaning and maintenance occupations
HC03_EST_VC24,Percent Male; Estimate; Service occupations: - Building and grounds cleaning and maintenance occupations
HC03_MOE_VC24,Percent Male; Margin of Error; Service occupations: - Building and grounds cleaning and maintenance occupations
HC04_EST_VC24,Female; Estimate; Service occupations: - Building and grounds cleaning and maintenance occupations
HC04_MOE_VC24,Female; Margin of Error; Service occupations: - Building and grounds cleaning and maintenance occupations
HC05_EST_VC24,Percent Female; Estimate; Service occupations: - Building and grounds cleaning and maintenance occupations
HC05_MOE_VC24,Percent Female; Margin of Error; Service occupations: - Building and grounds cleaning and maintenance occupations
HC01_EST_VC25,Total; Estimate; Service occupations: - Personal care and service occupations
HC01_MOE_VC25,Total; Margin of Error; Service occupations: - Personal care and service occupations
HC02_EST_VC25,Male; Estimate; Service occupations: - Personal care and service occupations
HC02_MOE_VC25,Male; Margin of Error; Service occupations: - Personal care and service occupations
HC03_EST_VC25,Percent Male; Estimate; Service occupations: - Personal care and service occupations
HC03_MOE_VC25,Percent Male; Margin of Error; Service occupations: - Personal care and service occupations
HC04_EST_VC25,Female; Estimate; Service occupations: - Personal care and service occupations
HC04_MOE_VC25,Female; Margin of Error; Service occupations: - Personal care and service occupations
HC05_EST_VC25,Percent Female; Estimate; Service occupations: - Personal care and service occupations
HC05_MOE_VC25,Percent Female; Margin of Error; Service occupations: - Personal care and service occupations
HC01_EST_VC26,Total; Estimate; Sales and office occupations:
HC01_MOE_VC26,Total; Margin of Error; Sales and office occupations:
HC02_EST_VC26,Male; Estimate; Sales and office occupations:
HC02_MOE_VC26,Male; Margin of Error; Sales and office occupations:
HC03_EST_VC26,Percent Male; Estimate; Sales and office occupations:
HC03_MOE_VC26,Percent Male; Margin of Error; Sales and office occupations:
HC04_EST_VC26,Female; Estimate; Sales and office occupations:
HC04_MOE_VC26,Female; Margin of Error; Sales and office occupations:
HC05_EST_VC26,Percent Female; Estimate; Sales and office occupations:
HC05_MOE_VC26,Percent Female; Margin of Error; Sales and office occupations:
HC01_EST_VC27,Total; Estimate; Sales and office occupations: - Sales and related occupations
HC01_MOE_VC27,Total; Margin of Error; Sales and office occupations: - Sales and related occupations
HC02_EST_VC27,Male; Estimate; Sales and office occupations: - Sales and related occupations
HC02_MOE_VC27,Male; Margin of Error; Sales and office occupations: - Sales and related occupations
HC03_EST_VC27,Percent Male; Estimate; Sales and office occupations: - Sales and related occupations
HC03_MOE_VC27,Percent Male; Margin of Error; Sales and office occupations: - Sales and related occupations
HC04_EST_VC27,Female; Estimate; Sales and office occupations: - Sales and related occupations
HC04_MOE_VC27,Female; Margin of Error; Sales and office occupations: - Sales and related occupations
HC05_EST_VC27,Percent Female; Estimate; Sales and office occupations: - Sales and related occupations
HC05_MOE_VC27,Percent Female; Margin of Error; Sales and office occupations: - Sales and related occupations
HC01_EST_VC28,Total; Estimate; Sales and office occupations: - Office and administrative support occupations
HC01_MOE_VC28,Total; Margin of Error; Sales and office occupations: - Office and administrative support occupations
HC02_EST_VC28,Male; Estimate; Sales and office occupations: - Office and administrative support occupations
HC02_MOE_VC28,Male; Margin of Error; Sales and office occupations: - Office and administrative support occupations
HC03_EST_VC28,Percent Male; Estimate; Sales and office occupations: - Office and administrative support occupations
HC03_MOE_VC28,Percent Male; Margin of Error; Sales and office occupations: - Office and administrative support occupations
HC04_EST_VC28,Female; Estimate; Sales and office occupations: - Office and administrative support occupations
HC04_MOE_VC28,Female; Margin of Error; Sales and office occupations: - Office and administrative support occupations
HC05_EST_VC28,Percent Female; Estimate; Sales and office occupations: - Office and administrative support occupations
HC05_MOE_VC28,Percent Female; Margin of Error; Sales and office occupations: - Office and administrative support occupations
HC01_EST_VC29,"Total; Estimate; Natural resources, construction, and maintenance occupations:"
HC01_MOE_VC29,"Total; Margin of Error; Natural resources, construction, and maintenance occupations:"
HC02_EST_VC29,"Male; Estimate; Natural resources, construction, and maintenance occupations:"
HC02_MOE_VC29,"Male; Margin of Error; Natural resources, construction, and maintenance occupations:"
HC03_EST_VC29,"Percent Male; Estimate; Natural resources, construction, and maintenance occupations:"
HC03_MOE_VC29,"Percent Male; Margin of Error; Natural resources, construction, and maintenance occupations:"
HC04_EST_VC29,"Female; Estimate; Natural resources, construction, and maintenance occupations:"
HC04_MOE_VC29,"Female; Margin of Error; Natural resources, construction, and maintenance occupations:"
HC05_EST_VC29,"Percent Female; Estimate; Natural resources, construction, and maintenance occupations:"
HC05_MOE_VC29,"Percent Female; Margin of Error; Natural resources, construction, and maintenance occupations:"
HC01_EST_VC30,"Total; Estimate; Natural resources, construction, and maintenance occupations: - Farming, fishing, and forestry occupations"
HC01_MOE_VC30,"Total; Margin of Error; Natural resources, construction, and maintenance occupations: - Farming, fishing, and forestry occupations"
HC02_EST_VC30,"Male; Estimate; Natural resources, construction, and maintenance occupations: - Farming, fishing, and forestry occupations"
HC02_MOE_VC30,"Male; Margin of Error; Natural resources, construction, and maintenance occupations: - Farming, fishing, and forestry occupations"
HC03_EST_VC30,"Percent Male; Estimate; Natural resources, construction, and maintenance occupations: - Farming, fishing, and forestry occupations"
HC03_MOE_VC30,"Percent Male; Margin of Error; Natural resources, construction, and maintenance occupations: - Farming, fishing, and forestry occupations"
HC04_EST_VC30,"Female; Estimate; Natural resources, construction, and maintenance occupations: - Farming, fishing, and forestry occupations"
HC04_MOE_VC30,"Female; Margin of Error; Natural resources, construction, and maintenance occupations: - Farming, fishing, and forestry occupations"
HC05_EST_VC30,"Percent Female; Estimate; Natural resources, construction, and maintenance occupations: - Farming, fishing, and forestry occupations"
HC05_MOE_VC30,"Percent Female; Margin of Error; Natural resources, construction, and maintenance occupations: - Farming, fishing, and forestry occupations"
HC01_EST_VC31,"Total; Estimate; Natural resources, construction, and maintenance occupations: - Construction and extraction occupations"
HC01_MOE_VC31,"Total; Margin of Error; Natural resources, construction, and maintenance occupations: - Construction and extraction occupations"
HC02_EST_VC31,"Male; Estimate; Natural resources, construction, and maintenance occupations: - Construction and extraction occupations"
HC02_MOE_VC31,"Male; Margin of Error; Natural resources, construction, and maintenance occupations: - Construction and extraction occupations"
HC03_EST_VC31,"Percent Male; Estimate; Natural resources, construction, and maintenance occupations: - Construction and extraction occupations"
HC03_MOE_VC31,"Percent Male; Margin of Error; Natural resources, construction, and maintenance occupations: - Construction and extraction occupations"
HC04_EST_VC31,"Female; Estimate; Natural resources, construction, and maintenance occupations: - Construction and extraction occupations"
HC04_MOE_VC31,"Female; Margin of Error; Natural resources, construction, and maintenance occupations: - Construction and extraction occupations"
HC05_EST_VC31,"Percent Female; Estimate; Natural resources, construction, and maintenance occupations: - Construction and extraction occupations"
HC05_MOE_VC31,"Percent Female; Margin of Error; Natural resources, construction, and maintenance occupations: - Construction and extraction occupations"
HC01_EST_VC32,"Total; Estimate; Natural resources, construction, and maintenance occupations: - Installation, maintenance, and repair occupations"
HC01_MOE_VC32,"Total; Margin of Error; Natural resources, construction, and maintenance occupations: - Installation, maintenance, and repair occupations"
HC02_EST_VC32,"Male; Estimate; Natural resources, construction, and maintenance occupations: - Installation, maintenance, and repair occupations"
HC02_MOE_VC32,"Male; Margin of Error; Natural resources, construction, and maintenance occupations: - Installation, maintenance, and repair occupations"
HC03_EST_VC32,"Percent Male; Estimate; Natural resources, construction, and maintenance occupations: - Installation, maintenance, and repair occupations"
HC03_MOE_VC32,"Percent Male; Margin of Error; Natural resources, construction, and maintenance occupations: - Installation, maintenance, and repair occupations"
HC04_EST_VC32,"Female; Estimate; Natural resources, construction, and maintenance occupations: - Installation, maintenance, and repair occupations"
HC04_MOE_VC32,"Female; Margin of Error; Natural resources, construction, and maintenance occupations: - Installation, maintenance, and repair occupations"
HC05_EST_VC32,"Percent Female; Estimate; Natural resources, construction, and maintenance occupations: - Installation, maintenance, and repair occupations"
HC05_MOE_VC32,"Percent Female; Margin of Error; Natural resources, construction, and maintenance occupations: - Installation, maintenance, and repair occupations"
HC01_EST_VC33,"Total; Estimate; Production, transportation, and material moving occupations:"
HC01_MOE_VC33,"Total; Margin of Error; Production, transportation, and material moving occupations:"
HC02_EST_VC33,"Male; Estimate; Production, transportation, and material moving occupations:"
HC02_MOE_VC33,"Male; Margin of Error; Production, transportation, and material moving occupations:"
HC03_EST_VC33,"Percent Male; Estimate; Production, transportation, and material moving occupations:"
HC03_MOE_VC33,"Percent Male; Margin of Error; Production, transportation, and material moving occupations:"
HC04_EST_VC33,"Female; Estimate; Production, transportation, and material moving occupations:"
HC04_MOE_VC33,"Female; Margin of Error; Production, transportation, and material moving occupations:"
HC05_EST_VC33,"Percent Female; Estimate; Production, transportation, and material moving occupations:"
HC05_MOE_VC33,"Percent Female; Margin of Error; Production, transportation, and material moving occupations:"
HC01_EST_VC34,"Total; Estimate; Production, transportation, and material moving occupations: - Production occupations"
HC01_MOE_VC34,"Total; Margin of Error; Production, transportation, and material moving occupations: - Production occupations"
HC02_EST_VC34,"Male; Estimate; Production, transportation, and material moving occupations: - Production occupations"
HC02_MOE_VC34,"Male; Margin of Error; Production, transportation, and material moving occupations: - Production occupations"
HC03_EST_VC34,"Percent Male; Estimate; Production, transportation, and material moving occupations: - Production occupations"
HC03_MOE_VC34,"Percent Male; Margin of Error; Production, transportation, and material moving occupations: - Production occupations"
HC04_EST_VC34,"Female; Estimate; Production, transportation, and material moving occupations: - Production occupations"
HC04_MOE_VC34,"Female; Margin of Error; Production, transportation, and material moving occupations: - Production occupations"
HC05_EST_VC34,"Percent Female; Estimate; Production, transportation, and material moving occupations: - Production occupations"
HC05_MOE_VC34,"Percent Female; Margin of Error; Production, transportation, and material moving occupations: - Production occupations"
HC01_EST_VC35,"Total; Estimate; Production, transportation, and material moving occupations: - Transportation occupations"
HC01_MOE_VC35,"Total; Margin of Error; Production, transportation, and material moving occupations: - Transportation occupations"
HC02_EST_VC35,"Male; Estimate; Production, transportation, and material moving occupations: - Transportation occupations"
HC02_MOE_VC35,"Male; Margin of Error; Production, transportation, and material moving occupations: - Transportation occupations"
HC03_EST_VC35,"Percent Male; Estimate; Production, transportation, and material moving occupations: - Transportation occupations"
HC03_MOE_VC35,"Percent Male; Margin of Error; Production, transportation, and material moving occupations: - Transportation occupations"
HC04_EST_VC35,"Female; Estimate; Production, transportation, and material moving occupations: - Transportation occupations"
HC04_MOE_VC35,"Female; Margin of Error; Production, transportation, and material moving occupations: - Transportation occupations"
HC05_EST_VC35,"Percent Female; Estimate; Production, transportation, and material moving occupations: - Transportation occupations"
HC05_MOE_VC35,"Percent Female; Margin of Error; Production, transportation, and material moving occupations: - Transportation occupations"
HC01_EST_VC36,"Total; Estimate; Production, transportation, and material moving occupations: - Material moving occupations"
HC01_MOE_VC36,"Total; Margin of Error; Production, transportation, and material moving occupations: - Material moving occupations"
HC02_EST_VC36,"Male; Estimate; Production, transportation, and material moving occupations: - Material moving occupations"
HC02_MOE_VC36,"Male; Margin of Error; Production, transportation, and material moving occupations: - Material moving occupations"
HC03_EST_VC36,"Percent Male; Estimate; Production, transportation, and material moving occupations: - Material moving occupations"
HC03_MOE_VC36,"Percent Male; Margin of Error; Production, transportation, and material moving occupations: - Material moving occupations"
HC04_EST_VC36,"Female; Estimate; Production, transportation, and material moving occupations: - Material moving occupations"
HC04_MOE_VC36,"Female; Margin of Error; Production, transportation, and material moving occupations: - Material moving occupations"
HC05_EST_VC36,"Percent Female; Estimate; Production, transportation, and material moving occupations: - Material moving occupations"
HC05_MOE_VC36,"Percent Female; Margin of Error; Production, transportation, and material moving occupations: - Material moving occupations"
